{"count":1,"gauges":{},"self":20.9611712,"total":21.0030538,"children":{"AgentSendState":{"count":1031,"self":0.027918699999999998,"total":0.0289187,"children":{"CollectObservations":{"count":5,"self":0.001,"total":0.001,"children":null},"CollectDiscreteActionMasks":{"count":5,"self":0,"total":0,"children":null}}},"DecideAction":{"count":1031,"self":0.0049778999999999995,"total":0.0049778999999999995,"children":null},"AgentAct":{"count":1031,"self":0.0060046,"total":0.0060046,"children":null}}}