{"count":1,"gauges":{},"self":46.511344,"total":46.5213075,"children":{"AgentSendState":{"count":2305,"self":0.0039829999999999996,"total":0.0039829999999999996,"children":null},"DecideAction":{"count":2305,"self":0.0019943,"total":0.0019943,"children":null},"AgentAct":{"count":2305,"self":0.002987,"total":0.002987,"children":null}}}