{"count":1,"gauges":{},"self":13.435815999999999,"total":13.4683587,"children":{"AgentSendState":{"count":653,"self":0.016508099999999998,"total":0.0185074,"children":{"CollectObservations":{"count":13,"self":0.0019993,"total":0.0019993,"children":null},"CollectDiscreteActionMasks":{"count":13,"self":0,"total":0,"children":null}}},"DecideAction":{"count":653,"self":0.0029904999999999997,"total":0.0029904999999999997,"children":null},"AgentAct":{"count":653,"self":0.0090447,"total":0.0090447,"children":null}}}