{"count":1,"self":1668.7199231999998,"total":1805.2859317,"children":{"InitializeSensors":{"count":142,"self":0.0049983,"total":0.0049983,"children":null},"AgentSendState":{"count":35277,"self":1.1841888999999999,"total":4.3606071,"children":{"CollectObservations":{"count":35277,"self":0.9345118,"total":0.9345118,"children":null},"CollectDiscreteActionMasks":{"count":35277,"self":0.131998,"total":0.131998,"children":null},"RequestDecision":{"count":35277,"self":1.0099373999999999,"total":2.1099083999999997,"children":{"AgentInfo.ToProto":{"count":35277,"self":0.5939768,"total":1.099971,"children":{"GenerateSensorData":{"count":35277,"self":0.5059942,"total":0.5059942,"children":null}}}}}}},"DecideAction":{"count":35277,"self":131.5921152,"total":131.5921187,"children":null},"AgentAct":{"count":35277,"self":0.60031539999999994,"total":0.60431499999999994,"children":{"AgentInfo.ToProto":{"count":100,"self":0.00099969999999999985,"total":0.0039996,"children":{"GenerateSensorData":{"count":100,"self":0.0029999,"total":0.0029999,"children":null}}}}},"AgentInfo.ToProto":{"count":70,"self":0.0019993,"total":0.002999,"children":{"GenerateSensorData":{"count":70,"self":0.00099969999999999985,"total":0.00099969999999999985,"children":null}}}},"gauges":{"Lupus.CumulativeReward":{"count":15,"max":-166.00029,"min":-197.501022,"runningAverage":-179.914017,"value":-166.900543,"weightedAverage":-176.7329},"RedNosedHare.CumulativeReward":{"count":15,"max":-55.039814,"min":-75.9298859,"runningAverage":-68.57113,"value":-73.97983,"weightedAverage":-69.8977661}},"metadata":{"timer_format_version":"0.1.0","start_time_seconds":"1598894126","unity_version":"2019.4.3f1","command_line_arguments":"C:\\Program Files\\Unity\\Hub\\Editor\\2019.4.3f1\\Editor\\Unity.exe -projectpath C:\/Users\/usuario\/Documents\/GitHub\/HexBattleGame -useHub -hubIPC -cloudEnvironment production -hubSessionId 42f313b0-eba1-11ea-8bba-65edf1823c49","communication_protocol_version":"1.0.0","com.unity.ml-agents_version":"1.3.0-preview","scene_name":"SampleScene","end_time_seconds":"1598895931"}}