{"count":1,"gauges":{},"self":3772.7690752,"total":3773.0866011,"children":{"AgentSendState":{"count":188604,"self":0.09498319999999999,"total":0.09498319999999999,"children":null},"DecideAction":{"count":188604,"self":0.16268549999999998,"total":0.16268549999999998,"children":null},"AgentAct":{"count":188604,"self":0.0578509,"total":0.0578509,"children":null}}}