{"count":1,"self":24796.9775616,"total":35913.326633799996,"children":{"InitializeSensors":{"count":590484,"self":13.003535999999999,"total":13.003535699999999,"children":null},"AgentSendState":{"count":3001232,"self":96.2273408,"total":359.6508596,"children":{"CollectObservations":{"count":3001232,"self":79.22314879999999,"total":79.2231465,"children":null},"CollectDiscreteActionMasks":{"count":3001232,"self":12.9817064,"total":12.981706599999999,"children":null},"RequestDecision":{"count":3001232,"self":84.244934399999991,"total":171.2186667,"children":{"AgentInfo.ToProto":{"count":3001232,"self":42.986048,"total":86.9737303,"children":{"GenerateSensorData":{"count":3001232,"self":43.9876832,"total":43.9876831,"children":null}}}}}}},"DecideAction":{"count":3001232,"self":10538.8122112,"total":10538.8123512,"children":null},"AgentAct":{"count":3001232,"self":186.14847999999998,"total":195.6845392,"children":{"AgentInfo.ToProto":{"count":305295,"self":5.1981684,"total":9.5360582,"children":{"GenerateSensorData":{"count":305295,"self":4.3378896,"total":4.3378897,"children":null}}}}},"AgentInfo.ToProto":{"count":295130,"self":5.1552327999999994,"total":9.1950751,"children":{"GenerateSensorData":{"count":295130,"self":4.039842,"total":4.0398420999999995,"children":null}}}},"gauges":{"Lupus.CumulativeReward":{"count":5100,"max":0.20000121,"min":-25.200016,"runningAverage":-8.4731245,"value":-18.6000061,"weightedAverage":-16.8217239},"RedNosedHare.CumulativeReward":{"count":5004,"max":-1.90000033,"min":-19.5000076,"runningAverage":-9.046401,"value":-11.4000015,"weightedAverage":-12.7292843}},"metadata":{"timer_format_version":"0.1.0","start_time_seconds":"1599520614","unity_version":"2019.4.3f1","command_line_arguments":"C:\\Program Files\\Unity\\Hub\\Editor\\2019.4.3f1\\Editor\\Unity.exe -projectpath C:\/Users\/usuario\/Documents\/GitHub\/HexBattleGame -useHub -hubIPC -cloudEnvironment production -hubSessionId 2b7275f0-f10a-11ea-8079-3b5ce06e2f96","communication_protocol_version":"1.0.0","com.unity.ml-agents_version":"1.3.0-preview","scene_name":"SampleScene","end_time_seconds":"1599556527"}}